NO,Nama mahasiswa,NIM,Nama RS/ Lahan,Dosen pembimbing,CI
1,SITI ZHARIFAH DWITA RAHMADHANI,P20637024032,RS Prasetya Bunda,"Ida Wahyuni, SKM, MHPM; Neli puspitasari, SKM","Hj. Rina Marlina, Amd.PK"
2,NEISHA AYU LESTARI,P20637024068,RS Prasetya Bunda,"Ida Wahyuni, SKM, MHPM; Neli puspitasari, SKM","Hj. Rina Marlina, Amd.PK"
3,NAYLA ZAHIRA SALSABILA RAMADHANI,P20637024065,RS Prasetya Bunda,"Ida Wahyuni, SKM, MHPM; Neli puspitasari, SKM","Hj. Rina Marlina, Amd.PK"
4,INTANIA PUTRI KURNIAWAN,P20637024012,RS Prasetya Bunda,"Ida Wahyuni, SKM, MHPM; Neli puspitasari, SKM","Hj. Rina Marlina, Amd.PK"
5,GINNA FEBRIANA SUBEKTHY,P20637024009,RS Prasetya Bunda,"Ida Wahyuni, SKM, MHPM; Neli puspitasari, SKM","Hj. Rina Marlina, Amd.PK"
6,ASTI GEA AUZIA,P20637024004,RS Prasetya Bunda,"Ida Wahyuni, SKM, MHPM; Neli puspitasari, SKM","Hj. Rina Marlina, Amd.PK"
7,MUHAMMAD SABIQ THORIQ AL-GHIFARY,P20637024060,RS Prasetya Bunda,"Ida Wahyuni, SKM, MHPM; Neli puspitasari, SKM","Hj. Rina Marlina, Amd.PK"
8,NAZWA NAZIA,P20637024067,RS Prasetya Bunda,"Ida Wahyuni, SKM, MHPM; Neli puspitasari, SKM","Hj. Rina Marlina, Amd.PK"
9,NABELA APRILLANITA,P20637024061,RS Prasetya Bunda,"Ida Wahyuni, SKM, MHPM; Neli puspitasari, SKM","Hj. Rina Marlina, Amd.PK"
10,SOLEHA QORIATIN,P20637024033,RSUD Ciamis,"Dr. Ida Sugiarti, S.Kep, MH.Kes; Fajar Yunita Sari, SKM","Dadang Hidayat, A.Md.RMIK"
11,AZKA HIJRAN HASYA,P20637024005,RSUD Ciamis,"Dr. Ida Sugiarti, S.Kep, MH.Kes; Fajar Yunita Sari, SKM","Dadang Hidayat, A.Md.RMIK"
12,TIARA ROSANDA PRAMESTI,P20637024037,RSUD Ciamis,"Dr. Ida Sugiarti, S.Kep, MH.Kes; Fajar Yunita Sari, SKM","Dadang Hidayat, A.Md.RMIK"
13,GILANG SETYO NUGROHO,P20637024008,RSUD Ciamis,"Dr. Ida Sugiarti, S.Kep, MH.Kes; Fajar Yunita Sari, SKM","Dadang Hidayat, A.Md.RMIK"
14,ALEA PUTRI MANDELLA,P20637024042,RSUD Ciamis,"Dr. Ida Sugiarti, S.Kep, MH.Kes; Fajar Yunita Sari, SKM","Dadang Hidayat, A.Md.RMIK"
15,RAIDAH ADLA KUSUMANINGRUM,P20637024070,RSUD Ciamis,"Dr. Ida Sugiarti, S.Kep, MH.Kes; Fajar Yunita Sari, SKM","Dadang Hidayat, A.Md.RMIK"
16,IJMA HALIZA WAHDAH,P20637024054,RSUD Ciamis,"Dr. Ida Sugiarti, S.Kep, MH.Kes; Fajar Yunita Sari, SKM","Dadang Hidayat, A.Md.RMIK"
17,NADHIRA PUTRI ERDIANSYAH,P20637024062,RSUD Ciamis,"Dr. Ida Sugiarti, S.Kep, MH.Kes; Fajar Yunita Sari, SKM","Dadang Hidayat, A.Md.RMIK"
18,KHAERANI NURMALA RAHMAT,P20637024055,RSUD Ciamis,"Dr. Ida Sugiarti, S.Kep, MH.Kes; Fajar Yunita Sari, SKM","Dadang Hidayat, A.Md.RMIK"
19,LORENA FUZIYANTI,P20637024016,RS TMC,"Dewi Lena SK, SKM, MPH","Yulianti, Amd.PK"
20,NAILA HANUM MUTIARA,P20637024021,RS TMC,"Dewi Lena SK, SKM, MPH","Yulianti, Amd.PK"
21,APRISA LUTFI,P20637024003,RS TMC,"Dewi Lena SK, SKM, MPH","Yulianti, Amd.PK"
22,SOPIATUL KAMILAH,P20637024034,RS TMC,"Dewi Lena SK, SKM, MPH","Yulianti, Amd.PK"
23,ANESTIA SUKMANINGRASYA,P20637024046,RS TMC,"Dewi Lena SK, SKM, MPH","Yulianti, Amd.PK"
24,NAYLA SATRIANDINI SAPUTRA,P20637024064,RS TMC,"Dewi Lena SK, SKM, MPH","Yulianti, Amd.PK"
25,ZAHRA NABILIA LY,P20637024039,RS Dadi Keluarga Ciamis,"Andi Suhenda, S.Kep, MPH; Ulfah Fauziah, SST, M.MKes","Asep Saepuloh, A.Md.Kes"
26,MUHAMMAD DICKA SETYA ATMADJA,P20637024017,RS Dadi Keluarga Ciamis,"Andi Suhenda, S.Kep, MPH; Ulfah Fauziah, SST, M.MKes","Asep Saepuloh, A.Md.Kes"
27,NABILLA RAHMANIAR,P20637024020,RS Dadi Keluarga Ciamis,"Andi Suhenda, S.Kep, MPH; Ulfah Fauziah, SST, M.MKes","Asep Saepuloh, A.Md.Kes"
28,SYAHLA MAULIDA NURULFADILAH,P20637024035,RS Dadi Keluarga Ciamis,"Andi Suhenda, S.Kep, MPH; Ulfah Fauziah, SST, M.MKes","Asep Saepuloh, A.Md.Kes"
29,SHELA AGUSTINA,P20637024075,RS Dadi Keluarga Ciamis,"Andi Suhenda, S.Kep, MPH; Ulfah Fauziah, SST, M.MKes","Asep Saepuloh, A.Md.Kes"
30,RIFA JALALUDDIN,P20637024026,RS Dadi Keluarga Ciamis,"Andi Suhenda, S.Kep, MPH; Ulfah Fauziah, SST, M.MKes","Asep Saepuloh, A.Md.Kes"
31,TIARA NURSYIFA,P20637024076,RS Dadi Keluarga Ciamis,"Andi Suhenda, S.Kep, MPH; Ulfah Fauziah, SST, M.MKes","Asep Saepuloh, A.Md.Kes"
32,MEZZALUNA NURUL MAULIDA,P20637024058,RS Dadi Keluarga Ciamis,"Andi Suhenda, S.Kep, MPH; Ulfah Fauziah, SST, M.MKes","Asep Saepuloh, A.Md.Kes"
33,ZENI PUTRI,P20637024078,RS Dadi Keluarga Ciamis,"Andi Suhenda, S.Kep, MPH; Ulfah Fauziah, SST, M.MKes","Asep Saepuloh, A.Md.Kes"
34,ZAHWA ALIYA KEYSA,P20637024040,RS JHC Tsm,"Gugun Priyadi, SAP, M.Kes","Fitri Handayani, S.Tr.Kes"
35,RAIHAN LESTARI,P20637024071,RS JHC Tsm,"Gugun Priyadi, SAP, M.Kes","Fitri Handayani, S.Tr.Kes"
36,RISA AZZAHRA,P20637024028,RS JHC Tsm,"Gugun Priyadi, SAP, M.Kes","Fitri Handayani, S.Tr.Kes"
37,QEILLA FUJI ANNISA,P20637024024,RS JHC Tsm,"Gugun Priyadi, SAP, M.Kes","Fitri Handayani, S.Tr.Kes"
38,MUHAMMAD YUSUF FIRDAUS,P20637024050,RS JHC Tsm,"Gugun Priyadi, SAP, M.Kes","Fitri Handayani, S.Tr.Kes"
39,SELLY AULIA QURROTU'AIN,P20637024031,RS JHC Tsm,"Gugun Priyadi, SAP, M.Kes","Fitri Handayani, S.Tr.Kes"
40,MEIRA NASYWA MUAWIYAH,P20637024057,RS JHC Tsm,"Gugun Priyadi, SAP, M.Kes","Fitri Handayani, S.Tr.Kes"
41,RAYA HERAWAN,P20637024072,RS JHC Tsm,"Gugun Priyadi, SAP, M.Kes","Fitri Handayani, S.Tr.Kes"
42,HANIIFA ZEMI 'AAQILAH,P20637024010,RS JHC Tsm,"Gugun Priyadi, SAP, M.Kes","Fitri Handayani, S.Tr.Kes"
43,BILSA AERADIRADJA HAEZAMANA,P20637024047,RSUD Dr Soekardjo,"Fajar Yunita Sari, SKM","Irwan Setiawan, S.ST"
44,PUTRI NABILA SALMA,P20637024023,RSUD Dr Soekardjo,"Fajar Yunita Sari, SKM","Irwan Setiawan, S.ST"
45,SALMA AZKIA AGUSTINNISA,P20637024073,RSUD Dr Soekardjo,"Fajar Yunita Sari, SKM","Irwan Setiawan, S.ST"
46,MARYAM SYA,P20637024056,RSUD Dr Soekardjo,"Fajar Yunita Sari, SKM","Irwan Setiawan, S.ST"
47,NIZAR SYAHRUR RAMADHAN,P20637024069,RSUD Dr Soekardjo,"Fajar Yunita Sari, SKM","Irwan Setiawan, S.ST"
48,LIFATUL GONIYYAH,P20637024015,RSUD Dr Soekardjo,"Fajar Yunita Sari, SKM","Irwan Setiawan, S.ST"
49,RIFAA NAZLAA NURJIHAN TIYOGA,P20637024027,RSUD Dr Soekardjo,"Fajar Yunita Sari, SKM","Irwan Setiawan, S.ST"
50,KANIA NAFISA,P20637024014,RSUD Dr Soekardjo,"Fajar Yunita Sari, SKM","Irwan Setiawan, S.ST"
51,DESMA AULIA RAMADANTHI,P20637024048,RSUD Dr Soekardjo,"Fajar Yunita Sari, SKM","Irwan Setiawan, S.ST"
52,ALYA HIJRIA MADINA,P20637024002,RS Hermina Tasikmalaya,"Dr. Arief Tarmansyah Iman, MKM","Ns. Dewi Sartika, S.Tr.Kes"
53,ALYA KHOERUNNISA,P20637024044,RS Hermina Tasikmalaya,"Dr. Arief Tarmansyah Iman, MKM","Ns. Dewi Sartika, S.Tr.Kes"
54,YENI LESTARI,P20637024038,RS Hermina Tasikmalaya,"Dr. Arief Tarmansyah Iman, MKM","Ns. Dewi Sartika, S.Tr.Kes"
55,NIZAR TAUFIK ZULFITRI,P20637024022,RS Hermina Tasikmalaya,"Dr. Arief Tarmansyah Iman, MKM","Ns. Dewi Sartika, S.Tr.Kes"
56,AMNA NURALIFA AVISA,P20637024045,RS Hermina Tasikmalaya,"Dr. Arief Tarmansyah Iman, MKM","Ns. Dewi Sartika, S.Tr.Kes"
57,ALIFIA NUR IRBAH,P20637024043,RS Hermina Tasikmalaya,"Dr. Arief Tarmansyah Iman, MKM","Ns. Dewi Sartika, S.Tr.Kes"
58,SYALSA DWI ANJANI,P20637024036,RSUD KHZ Mustofa,"Dedi Setiadi, SKM, M.Kes; Ayu Rahayu lestari, SST, M.MKes","Encep Hendra, A.Md.PK"
59,AISAH DIVA ANANDA,P20637024041,RSUD KHZ Mustofa,"Dedi Setiadi, SKM, M.Kes; Ayu Rahayu lestari, SST, M.MKes","Encep Hendra, A.Md.PK"
60,NAZWA ALIFA,P20637024066,RSUD KHZ Mustofa,"Dedi Setiadi, SKM, M.Kes; Ayu Rahayu lestari, SST, M.MKes","Encep Hendra, A.Md.PK"
61,DISTI CITRA MAUDINA A,P20637024006,RSUD KHZ Mustofa,"Dedi Setiadi, SKM, M.Kes; Ayu Rahayu lestari, SST, M.MKes","Encep Hendra, A.Md.PK"
62,KANIA DWI RAHMAWATI,P20637024013,RSUD KHZ Mustofa,"Dedi Setiadi, SKM, M.Kes; Ayu Rahayu lestari, SST, M.MKes","Encep Hendra, A.Md.PK"
63,RIBI SABINA NURMERISA,P20637024025,RSUD KHZ Mustofa,"Dedi Setiadi, SKM, M.Kes; Ayu Rahayu lestari, SST, M.MKes","Encep Hendra, A.Md.PK"
64,ERFA PURNAMA SUGIH,P20637024052,RSUD KHZ Mustofa,"Dedi Setiadi, SKM, M.Kes; Ayu Rahayu lestari, SST, M.MKes","Encep Hendra, A.Md.PK"
65,INTAN KHOERUNNISA,P20637024011,RSUD KHZ Mustofa,"Dedi Setiadi, SKM, M.Kes; Ayu Rahayu lestari, SST, M.MKes","Encep Hendra, A.Md.PK"
66,MUHAMMAD RAFI KHAIRULLAH,P20637024059,RSUD KHZ Mustofa,"Dedi Setiadi, SKM, M.Kes; Ayu Rahayu lestari, SST, M.MKes","Encep Hendra, A.Md.PK"
67,GIANINA NAJLA FEYZA,P20637024080,RS Permata Bunda Tasikmalaya,"Ari Sukawan, SST, MKM; Fery Fadli, SKM, MKM","Risma Anggraeni, S.Tr.Kes"
68,ZAHRINA SYARIFATUL MUNAWAR,P20637024077,RS Permata Bunda Tasikmalaya,"Ari Sukawan, SST, MKM; Fery Fadli, SKM, MKM","Risma Anggraeni, S.Tr.Kes"
69,AGNI DWI RAHMANI,P20637024001,RS Permata Bunda Tasikmalaya,"Ari Sukawan, SST, MKM; Fery Fadli, SKM, MKM","Risma Anggraeni, S.Tr.Kes"
70,SALWA LASAUFA YARDHA,P20637024029,RS Permata Bunda Tasikmalaya,"Ari Sukawan, SST, MKM; Fery Fadli, SKM, MKM","Risma Anggraeni, S.Tr.Kes"
71,SALWA ZAKIA,P20637024030,RS Permata Bunda Tasikmalaya,"Ari Sukawan, SST, MKM; Fery Fadli, SKM, MKM","Risma Anggraeni, S.Tr.Kes"
72,EMILY MEISYA SNC,P20637024051,RS Permata Bunda Tasikmalaya,"Ari Sukawan, SST, MKM; Fery Fadli, SKM, MKM","Risma Anggraeni, S.Tr.Kes"
